{"cameraMode":{"drawMode":0,"name":"Shaded","section":"Shading Mode"},"sceneLighting":true,"audioPlay":false,"sceneViewState":{"showFog":true,"showMaterialUpdate":false,"showSkybox":true,"showFlares":true,"showImageEffects":true,"showParticleSystems":true},"in2DMode":false,"pivot":{"x":0.6513831615447998,"y":0.5845868587493897,"z":-1.1527131795883179},"rotation":{"x":-0.023895027115941049,"y":0.9203872084617615,"z":-0.05696134641766548,"w":-0.3860982060432434},"size":2.2477293014526369,"orthographic":false}